Year,Category,Subcategory, Total ," Food-secure households-1,000 ",Food-secure households-percent," Food-insecure households-1,000 ",Food-insecure households-percent," Households with food-insecure children-1,000 ",Households with food-insecure children-percent," Households with very low food security among children-1,000 ",Households with very low food security among children-percent,,
2008,All households with children,," 39,699 "," 31,364 ",79.0," 8,335 ",21.0," 4,361 ",11.0, 506 ,1.3,,
2008,Household composition,With children < 6 years," 17,503 "," 13,595 ",77.7," 3,908 ",22.3," 1,909 ",10.9, 166 ,0.9,,
2008,Household composition,Married-couple families," 26,705 "," 22,886 ",85.7," 3,819 ",14.3," 1,912 ",7.2, 196 ,0.7,,
2008,Household composition,"Female head, no spouse"," 9,639 "," 6,057 ",62.8," 3,582 ",37.2," 2,068 ",21.5, 266 ,2.8,,
2008,Household composition,"Male head, no spouse"," 2,782 "," 2,014 ",72.4, 768 ,27.6, 309 ,11.1, 31 ,1.1,,
2008,Household composition,Other household with child, 572 , 405 ,70.8, 167 ,29.2, 72 ,12.5, 13 ,2.3,,
2008,Race/ethnicity of households,White non-Hispanic," 24,237 "," 20,480 ",84.5," 3,757 ",15.5," 1,753 ",7.2, 152 ,0.6,,
2008,Race/ethnicity of households,Black non-Hispanic," 5,613 "," 3,825 ",68.1," 1,788 ",31.9," 1,050 ",18.7, 146 ,2.6,,
2008,Race/ethnicity of households,Hispanic," 7,294 "," 4,950 ",67.9," 2,344 ",32.1," 1,320 ",18.1, 177 ,2.4,,
2008,Race/ethnicity of households,Other," 2,554 "," 2,108 ",82.5, 446 ,17.5, 238 ,9.3, 31 ,1.2,,
2008,Household income-to-poverty ratio,Under 1.00," 5,975 "," 2,968 ",49.7," 3,007 ",50.3," 1,758 ",29.4, 244 ,4.1,,
2008,Household income-to-poverty ratio,Under 1.30," 9,229 "," 4,960 ",53.7," 4,269 ",46.3," 2,453 ",26.6, 329 ,3.6,,
2008,Household income-to-poverty ratio,Under 1.85," 12,586 "," 7,271 ",57.8," 5,315 ",42.2," 2,952 ",23.5, 385 ,3.1,,
2008,Household income-to-poverty ratio,1.85 and over," 22,245 "," 20,006 ",89.9," 2,239 ",10.1, 991 ,4.5, 80 ,0.4,,
2008,Household income-to-poverty ratio,Income unknown," 4,867 "," 4,085 ",83.9, 782 ,16.1, 417 ,8.6, 41 ,0.8,,
2008,Inside metropolitan area,," 33,592 "," 26,597 ",79.2," 6,995 ",20.8," 3,658 ",10.9, 447 ,1.3,,
2008,Inside metropolitan area,In principal cities," 10,614 "," 7,834 ",73.8," 2,780 ",26.2," 1,432 ",13.5, 166 ,1.6,,
2008,Inside metropolitan area,Not in principal cities," 17,288 "," 14,246 ",82.4," 3,042 ",17.6," 1,603 ",9.3, 211 ,1.2,,
2008,Outside metropolitan area,," 6,107 "," 4,766 ",78.0," 1,341 ",22.0, 702 ,11.5, 59 ,1.0,,
2008,Census geographic region,Northeast," 7,132 "," 5,787 ",81.1," 1,345 ",18.9, 725 ,10.2, 89 ,1.2,,
2008,Census geographic region,Midwest," 8,773 "," 7,045 ",80.3," 1,728 ",19.7, 833 ,9.5, 81 ,0.9,,
2008,Census geographic region,South," 14,393 "," 11,064 ",76.9," 3,329 ",23.1," 1,740 ",12.1, 175 ,1.2,,
2008,Census geographic region,West," 9,400 "," 7,466 ",79.4," 1,934 ",20.6," 1,063 ",11.3, 161 ,1.7,,
2009,All households with children,," 39,525 "," 31,114 ",78.7," 8,411 ",21.3," 4,208 ",10.6, 469 ,1.2,,
2009,Household composition,With children < 6 years," 17,598 "," 13,566 ",77.1," 4,032 ",22.9," 1,869 ",10.6, 165 ,0.9,,
2009,Household composition,Married-couple families," 26,334 "," 22,475 ",85.3," 3,859 ",14.7," 1,852 ",7.0, 197 ,0.7,,
2009,Household composition,"Female head, no spouse"," 9,700 "," 6,146 ",63.4," 3,554 ",36.6," 1,875 ",19.3, 236 ,2.4,,
2009,Household composition,"Male head, no spouse"," 2,883 "," 2,082 ",72.2, 801 ,27.8, 379 ,13.1, 29 ,1.0,,
2009,Household composition,Other household with child, 607 , 409 ,67.4, 198 ,32.6, 102 ,16.8, NA ,NA,,
2009,Race/ethnicity of households,White non-Hispanic," 24,065 "," 20,280 ",84.3," 3,785 ",15.7," 1,680 ",7.0, 150 ,0.6,,
2009,Race/ethnicity of households,Black non-Hispanic," 5,622 "," 3,787 ",67.4," 1,835 ",32.6, 965 ,17.2, 117 ,2.1,,
2009,Race/ethnicity of households,Hispanic," 7,166 "," 4,823 ",67.3," 2,343 ",32.7," 1,339 ",18.7, 176 ,2.5,,
2009,Race/ethnicity of households,Other," 2,673 "," 2,225 ",83.2, 448 ,16.8, 225 ,8.4, 26 ,1.0,,
2009,Household income-to-poverty ratio,Under 1.00," 6,233 "," 3,075 ",49.3," 3,158 ",50.7," 1,774 ",28.5, 242 ,3.9,,
2009,Household income-to-poverty ratio,Under 1.30," 8,880 "," 4,719 ",53.1," 4,161 ",46.9," 2,255 ",25.4, 312 ,3.5,,
2009,Household income-to-poverty ratio,Under 1.85," 12,553 "," 7,179 ",57.2," 5,374 ",42.8," 2,836 ",22.6, 368 ,2.9,,
2009,Household income-to-poverty ratio,1.85 and over," 20,071 "," 18,092 ",90.1," 1,979 ",9.9, 884 ,4.4, 65 ,0.3,,
2009,Household income-to-poverty ratio,Income unknown," 6,901 "," 5,843 ",84.7," 1,058 ",15.3, 489 ,7.1, NA ,NA,,
2009,Inside metropolitan area,," 33,314 "," 26,175 ",78.6," 7,139 ",21.4," 3,555 ",10.7, 430 ,1.3,,
2009,Inside metropolitan area,In principal cities," 10,272 "," 7,550 ",73.5," 2,722 ",26.5," 1,426 ",13.9, 177 ,1.7,,
2009,Inside metropolitan area,Not in principal cities," 17,479 "," 14,239 ",81.5," 3,240 ",18.5," 1,574 ",9.0, 183 ,1.0,,
2009,Outside metropolitan area,," 6,211 "," 4,939 ",79.5," 1,272 ",20.5, 653 ,10.5, 39 ,0.6,,
2009,Census geographic region,Northeast," 6,947 "," 5,722 ",82.4," 1,225 ",17.6, 655 ,9.4, 108 ,1.6,,
2009,Census geographic region,Midwest," 8,516 "," 6,767 ",79.5," 1,749 ",20.5, 715 ,8.4, 54 ,0.6,,
2009,Census geographic region,South," 14,661 "," 11,268 ",76.9," 3,393 ",23.1," 1,746 ",11.9, 162 ,1.1,,
2009,Census geographic region,West," 9,402 "," 7,357 ",78.2," 2,045 ",21.8," 1,092 ",11.6, 145 ,1.5,,
2010,All households with children,," 39,419 "," 31,447 ",79.8," 7,972 ",20.2," 3,861 ",9.8, 386 ,1.0,,
2010,Household composition,With children < 6 years," 17,780 "," 13,899 ",78.2," 3,881 ",21.8," 1,774 ",10.0, 175 ,1.0,,
2010,Household composition,Married-couple families," 25,729 "," 22,179 ",86.2," 3,550 ",13.8," 1,646 ",6.4, 170 ,0.7,,
2010,Household composition,"Female head, no spouse"," 10,081 "," 6,547 ",64.9," 3,534 ",35.1," 1,780 ",17.7, 179 ,1.8,,
2010,Household composition,"Male head, no spouse"," 2,980 "," 2,223 ",74.6, 757 ,25.4, 351 ,11.8, NA ,NA,,
2010,Household composition,Other household with child, 629 , 498 ,79.2, 131 ,20.8, 85 ,13.5, NA ,NA,,
2010,Race/ethnicity of households,White non-Hispanic," 23,632 "," 20,233 ",85.6," 3,399 ",14.4," 1,444 ",6.1, 102 ,0.4,,
2010,Race/ethnicity of households,Black non-Hispanic," 5,549 "," 3,722 ",67.1," 1,827 ",32.9, 907 ,16.3, 110 ,2.0,,
2010,Race/ethnicity of households,Hispanic," 7,463 "," 5,178 ",69.4," 2,285 ",30.6," 1,267 ",17.0, 133 ,1.8,,
2010,Race/ethnicity of households,Other," 2,775 "," 2,315 ",83.4, 460 ,16.6, 243 ,8.8, 41 ,1.5,,
2010,Household income-to-poverty ratio,Under 1.00," 7,043 "," 3,920 ",55.7," 3,123 ",44.3," 1,690 ",24.0, 194 ,2.8,,
2010,Household income-to-poverty ratio,Under 1.30," 9,791 "," 5,686 ",58.1," 4,105 ",41.9," 2,123 ",21.7, 225 ,2.3,,
2010,Household income-to-poverty ratio,Under 1.85," 13,214 "," 8,062 ",61.0," 5,152 ",39.0," 2,637 ",20.0, 275 ,2.1,,
2010,Household income-to-poverty ratio,1.85 and over," 19,056 "," 17,310 ",90.8," 1,746 ",9.2, 706 ,3.7, 66 ,0.3,,
2010,Household income-to-poverty ratio,Income unknown," 7,149 "," 6,075 ",85.0," 1,074 ",15.0, 518 ,7.2, 44 ,0.6,,
2010,Inside metropolitan area,," 33,293 "," 26,601 ",79.9," 6,692 ",20.1," 3,264 ",9.8, 332 ,1.0,,
2010,Inside metropolitan area,In principal cities," 10,418 "," 7,839 ",75.2," 2,579 ",24.8," 1,300 ",12.5, 134 ,1.3,,
2010,Inside metropolitan area,Not in principal cities," 17,332 "," 14,376 ",82.9," 2,956 ",17.1," 1,357 ",7.8, 139 ,0.8,,
2010,Outside metropolitan area,," 6,126 "," 4,847 ",79.1," 1,279 ",20.9, 597 ,9.7, 54 ,0.9,,
2010,Census geographic region,Northeast," 6,726 "," 5,525 ",82.1," 1,201 ",17.9, 576 ,8.6, 46 ,0.7,,
2010,Census geographic region,Midwest," 8,359 "," 6,849 ",81.9," 1,510 ",18.1, 682 ,8.2, 60 ,0.7,,
2010,Census geographic region,South," 14,938 "," 11,718 ",78.4," 3,220 ",21.6," 1,586 ",10.6, 173 ,1.2,,
2010,Census geographic region,West," 9,396 "," 7,356 ",78.3," 2,040 ",21.7," 1,017 ",10.8, 107 ,1.1,,
2011,All households with children,," 38,803 "," 30,814 ",79.4," 7,989 ",20.6," 3,862 ",10.0, 374 ,1.0,,
2011,Household composition,With children < 6 years," 17,281 "," 13,494 ",78.1," 3,787 ",21.9," 1,668 ",9.7, 123 ,0.7,,
2011,Household composition,Married-couple families," 25,421 "," 21,879 ",86.1," 3,542 ",13.9," 1,612 ",6.3, 164 ,0.6,,
2011,Household composition,"Female head, no spouse"," 9,690 "," 6,124 ",63.2," 3,566 ",36.8," 1,832 ",18.9, 177 ,1.8,,
2011,Household composition,"Male head, no spouse"," 3,055 "," 2,296 ",75.2, 759 ,24.8, 371 ,12.1, NA ,NA,,
2011,Household composition,Other household with child, 638 , 517 ,81.0, 121 ,19.0, 46 ,7.2, NA ,NA,,
2011,Race/ethnicity of households,White non-Hispanic," 23,274 "," 19,655 ",84.5," 3,619 ",15.5," 1,552 ",6.7, 121 ,0.5,,
2011,Race/ethnicity of households,Black non-Hispanic," 5,284 "," 3,742 ",70.8," 1,542 ",29.2, 769 ,14.6, 98 ,1.9,,
2011,Race/ethnicity of households,Hispanic," 7,447 "," 5,045 ",67.7," 2,402 ",32.3," 1,294 ",17.4, 138 ,1.9,,
2011,Race/ethnicity of households,Other," 2,799 "," 2,373 ",84.8, 426 ,15.2, 247 ,8.8, NA ,NA,,
2011,Household income-to-poverty ratio,Under 1.00," 7,090 "," 3,882 ",54.8," 3,208 ",45.2," 1,711 ",24.1, 199 ,2.8,,
2011,Household income-to-poverty ratio,Under 1.30," 9,278 "," 5,240 ",56.5," 4,038 ",43.5," 2,122 ",22.9, 251 ,2.7,,
2011,Household income-to-poverty ratio,Under 1.85," 13,086 "," 7,816 ",59.7," 5,270 ",40.3," 2,724 ",20.8, 290 ,2.2,,
2011,Household income-to-poverty ratio,1.85 and over," 18,986 "," 17,469 ",92.0," 1,517 ",8.0, 588 ,3.1, 36 ,0.2,,
2011,Household income-to-poverty ratio,Income unknown," 6,731 "," 5,530 ",82.2," 1,201 ",17.8, 549 ,8.2, 47 ,0.7,,
2011,Inside metropolitan area,," 32,915 "," 26,224 ",79.7," 6,691 ",20.3," 3,248 ",9.9, 327 ,1.0,,
2011,Inside metropolitan area,In principal cities," 10,400 "," 7,883 ",75.8," 2,517 ",24.2," 1,247 ",12.0, 129 ,1.2,,
2011,Inside metropolitan area,Not in principal cities," 17,066 "," 14,004 ",82.1," 3,062 ",17.9," 1,502 ",8.8, 154 ,0.9,,
2011,Outside metropolitan area,," 5,888 "," 4,590 ",78.0," 1,298 ",22.0, 613 ,10.4, 46 ,0.8,,
2011,Census geographic region,Northeast," 6,797 "," 5,538 ",81.5," 1,259 ",18.5, 580 ,8.5, 56 ,0.8,,
2011,Census geographic region,Midwest," 8,262 "," 6,835 ",82.7," 1,427 ",17.3, 657 ,8.0, 66 ,0.8,,
2011,Census geographic region,South," 14,454 "," 11,289 ",78.1," 3,165 ",21.9," 1,549 ",10.7, 189 ,1.3,,
2011,Census geographic region,West," 9,290 "," 7,153 ",77.0," 2,137 ",23.0," 1,076 ",11.6, 63 ,0.7,,
2012,All households with children,," 39,201 "," 31,354 ",80.0," 7,847 ",20.0," 3,910 ",10.0, 463 ,1.2,,
2012,Household composition,With children < 6 years," 17,325 "," 13,770 ",79.5," 3,555 ",20.5," 1,569 ",9.1, 137 ,0.8,,
2012,Household composition,Married-couple families," 25,233 "," 21,907 ",86.8," 3,326 ",13.2," 1,588 ",6.3, 188 ,0.7,,
2012,Household composition,"Female head, no spouse"," 10,373 "," 6,705 ",64.6," 3,668 ",35.4," 1,940 ",18.7, 223 ,2.1,,
2012,Household composition,"Male head, no spouse"," 3,008 "," 2,299 ",76.4, 709 ,23.6, 327 ,10.9, 39 ,1.3,,
2012,Household composition,Other household with child, 587 , 443 ,75.5, 144 ,24.5, 55 ,9.4, NA ,NA,,
2012,Race/ethnicity of households,White non-Hispanic," 22,951 "," 19,281 ",84.0," 3,670 ",16.0," 1,699 ",7.4, 165 ,0.7,,
2012,Race/ethnicity of households,Black non-Hispanic," 5,230 "," 3,710 ",70.9," 1,520 ",29.1, 784 ,15.0, 104 ,2.0,,
2012,Race/ethnicity of households,Hispanic," 8,071 "," 5,873 ",72.8," 2,198 ",27.2," 1,177 ",14.6, 153 ,1.9,,
2012,Race/ethnicity of households,Other," 2,948 "," 2,488 ",84.4, 460 ,15.6, 250 ,8.5, 40 ,1.4,,
2012,Household income-to-poverty ratio,Under 1.00," 7,056 "," 3,878 ",55.0," 3,178 ",45.0," 1,689 ",23.9, 222 ,3.1,,
2012,Household income-to-poverty ratio,Under 1.30," 9,326 "," 5,281 ",56.6," 4,045 ",43.4," 2,146 ",23.0, 304 ,3.3,,
2012,Household income-to-poverty ratio,Under 1.85," 13,332 "," 8,075 ",60.6," 5,257 ",39.4," 2,766 ",20.7, 376 ,2.8,,
2012,Household income-to-poverty ratio,1.85 and over," 18,934 "," 17,336 ",91.6," 1,598 ",8.4, 682 ,3.6, 58 ,0.3,,
2012,Household income-to-poverty ratio,Income unknown," 6,936 "," 5,943 ",85.7, 993 ,14.3, 462 ,6.7, NA ,NA,,
2012,Inside metropolitan area,," 33,223 "," 26,643 ",80.2," 6,580 ",19.8," 3,308 ",10.0, 406 ,1.2,,
2012,Inside metropolitan area,In principal cities," 10,681 "," 8,145 ",76.3," 2,536 ",23.7," 1,319 ",12.3, 151 ,1.4,,
2012,Inside metropolitan area,Not in principal cities," 17,199 "," 14,166 ",82.4," 3,033 ",17.6," 1,487 ",8.6, 187 ,1.1,,
2012,Outside metropolitan area,," 5,978 "," 4,711 ",78.8," 1,267 ",21.2, 602 ,10.1, 57 ,1.0,,
2012,Census geographic region,Northeast," 6,513 "," 5,428 ",83.3," 1,085 ",16.7, 505 ,7.8, 63 ,1.0,,
2012,Census geographic region,Midwest," 8,258 "," 6,677 ",80.9," 1,581 ",19.1, 829 ,10.0, 103 ,1.2,,
2012,Census geographic region,South," 15,039 "," 11,774 ",78.3," 3,265 ",21.7," 1,607 ",10.7, 183 ,1.2,,
2012,Census geographic region,West," 9,392 "," 7,475 ",79.6," 1,917 ",20.4, 969 ,10.3, 114 ,1.2,,
2013,All households with children,," 38,486 "," 30,978 ",80.5," 7,508 ",19.5," 3,814 ",9.9, 360 ,0.9,,
2013,Household composition,With children < 6 years," 16,942 "," 13,405 ",79.1," 3,537 ",20.9," 1,658 ",9.8, 98 ,0.6,,
2013,Household composition,Married-couple families," 24,896 "," 21,699 ",87.2," 3,197 ",12.8," 1,617 ",6.5, 140 ,0.6,,
2013,Household composition,"Female head, no spouse"," 10,025 "," 6,577 ",65.6," 3,448 ",34.4," 1,785 ",17.8, 177 ,1.8,,
2013,Household composition,"Male head, no spouse"," 3,025 "," 2,327 ",76.9, 698 ,23.1, 330 ,10.9, NA ,NA,,
2013,Household composition,Other household with child, 540 , 375 ,69.4, 165 ,30.6, 83 ,15.4, NA ,NA,,
2013,Race/ethnicity of households,White non-Hispanic," 22,279 "," 19,066 ",85.6," 3,213 ",14.4," 1,557 ",7.0, 131 ,0.6,,
2013,Race/ethnicity of households,Black non-Hispanic," 5,227 "," 3,525 ",67.4," 1,702 ",32.6, 906 ,17.3, 97 ,1.9,,
2013,Race/ethnicity of households,Hispanic," 7,746 "," 5,575 ",72.0," 2,171 ",28.0," 1,133 ",14.6, 112 ,1.4,,
2013,Race/ethnicity of households,Other," 3,234 "," 2,813 ",87.0, 421 ,13.0, 218 ,6.7, NA ,NA,,
2013,Household income-to-poverty ratio,Under 1.00," 6,615 "," 3,599 ",54.4," 3,016 ",45.6," 1,666 ",25.2, 179 ,2.7,,
2013,Household income-to-poverty ratio,Under 1.30," 8,636 "," 4,819 ",55.8," 3,817 ",44.2," 2,049 ",23.7, 211 ,2.4,,
2013,Household income-to-poverty ratio,Under 1.85," 12,267 "," 7,324 ",59.7," 4,943 ",40.3," 2,643 ",21.5, 266 ,2.2,,
2013,Household income-to-poverty ratio,1.85 and over," 18,501 "," 17,070 ",92.3," 1,431 ",7.7, 643 ,3.5, NA ,NA,,
2013,Household income-to-poverty ratio,Income unknown," 7,718 "," 6,585 ",85.3," 1,133 ",14.7, 528 ,6.8, 71 ,0.9,,
2013,Inside metropolitan area,," 32,755 "," 26,507 ",80.9," 6,248 ",19.1," 3,206 ",9.8, 298 ,0.9,,
2013,Inside metropolitan area,In principal cities," 10,560 "," 8,148 ",77.2," 2,412 ",22.8," 1,187 ",11.2, 148 ,1.4,,
2013,Inside metropolitan area,Not in principal cities," 16,895 "," 14,179 ",83.9," 2,716 ",16.1," 1,450 ",8.6, 115 ,0.7,,
2013,Outside metropolitan area,," 5,730 "," 4,471 ",78.0," 1,259 ",22.0, 608 ,10.6, 62 ,1.1,,
2013,Census geographic region,Northeast," 6,524 "," 5,420 ",83.1," 1,104 ",16.9, 540 ,8.3, 47 ,0.7,,
2013,Census geographic region,Midwest," 8,311 "," 6,860 ",82.5," 1,451 ",17.5, 631 ,7.6, 68 ,0.8,,
2013,Census geographic region,South," 14,641 "," 11,395 ",77.8," 3,246 ",22.2," 1,775 ",12.1, 155 ,1.1,,
2013,Census geographic region,West," 9,009 "," 7,302 ",81.1," 1,707 ",18.9, 868 ,9.6, 90 ,1.0,,
2014,All households with children,," 39,079 "," 31,590 ",80.8," 7,489 ",19.2," 3,665 ",9.4, 422 ,1.1,,
2014,Household composition,With children < 6 years," 17,211 "," 13,786 ",80.1," 3,425 ",19.9," 1,567 ",9.1, 167 ,1.0,,
2014,Household composition,Married-couple families," 25,376 "," 22,226 ",87.6," 3,150 ",12.4," 1,438 ",5.7, 135 ,0.5,,
2014,Household composition,"Female head, no spouse"," 9,912 "," 6,412 ",64.7," 3,500 ",35.3," 1,830 ",18.5, 228 ,2.3,,
2014,Household composition,"Male head, no spouse"," 3,237 "," 2,533 ",78.3, 704 ,21.7, 343 ,10.6, 48 ,1.5,,
2014,Household composition,Other household with child, 554 , 419 ,75.6, 135 ,24.4, 54 ,9.7, NA ,NA,,
2014,Race/ethnicity of households,White non-Hispanic," 22,477 "," 19,319 ",86.0," 3,158 ",14.0," 1,471 ",6.5, 142 ,0.6,,
2014,Race/ethnicity of households,Black non-Hispanic," 5,274 "," 3,563 ",67.6," 1,711 ",32.4, 851 ,16.1, 104 ,2.0,,
2014,Race/ethnicity of households,Hispanic," 7,974 "," 5,829 ",73.1," 2,145 ",26.9," 1,114 ",14.0, 128 ,1.6,,
2014,Race/ethnicity of households,Other," 3,354 "," 2,879 ",85.8, 475 ,14.2, 229 ,6.8, 48 ,1.4,,
2014,Household income-to-poverty ratio,Under 1.00," 6,638 "," 3,662 ",55.2," 2,976 ",44.8," 1,657 ",25.0, 234 ,3.5,,
2014,Household income-to-poverty ratio,Under 1.30," 8,580 "," 4,932 ",57.5," 3,648 ",42.5," 1,963 ",22.9, 247 ,2.9,,
2014,Household income-to-poverty ratio,Under 1.85," 12,666 "," 7,773 ",61.4," 4,893 ",38.6," 2,540 ",20.1, 303 ,2.4,,
2014,Household income-to-poverty ratio,1.85 and over," 18,912 "," 17,420 ",92.1," 1,492 ",7.9, 607 ,3.2, 40 ,0.2,,
2014,Household income-to-poverty ratio,Income unknown," 7,502 "," 6,398 ",85.3," 1,104 ",14.7, 519 ,6.9, 79 ,1.1,,
2014,Inside metropolitan area,," 33,368 "," 27,226 ",81.6," 6,142 ",18.4," 2,979 ",8.9, 346 ,1.0,,
2014,Inside metropolitan area,In principal cities," 10,693 "," 8,304 ",77.7," 2,389 ",22.3," 1,201 ",11.2, 144 ,1.3,,
2014,Inside metropolitan area,Not in principal cities," 17,401 "," 14,720 ",84.6," 2,681 ",15.4," 1,274 ",7.3, 168 ,1.0,,
2014,Outside metropolitan area,," 5,711 "," 4,364 ",76.4," 1,347 ",23.6, 686 ,12.0, 76 ,1.3,,
2014,Census geographic region,Northeast," 6,614 "," 5,401 ",81.7," 1,213 ",18.3, 531 ,8.0, 62 ,0.9,,
2014,Census geographic region,Midwest," 8,201 "," 6,695 ",81.6," 1,506 ",18.4, 779 ,9.5, 87 ,1.1,,
2014,Census geographic region,South," 14,985 "," 11,858 ",79.1," 3,127 ",20.9," 1,547 ",10.3, 153 ,1.0,,
2014,Census geographic region,West," 9,279 "," 7,636 ",82.3," 1,643 ",17.7, 809 ,8.7, 121 ,1.3,,
2015,All households with children,," 38,978 "," 32,519 ",83.4," 6,459 ",16.6," 3,022 ",7.8, 274 ,0.7,,
2015,Household composition,With children < 6 years," 16,995 "," 14,128 ",83.1," 2,867 ",16.9," 1,180 ",6.9, 74 ,0.4,,
2015,Household composition,Married-couple families," 25,232 "," 22,670 ",89.8," 2,562 ",10.2," 1,148 ",4.5, 92 ,0.4,,
2015,Household composition,"Female head, no spouse"," 10,117 "," 7,051 ",69.7," 3,066 ",30.3," 1,504 ",14.9, 144 ,1.4,,
2015,Household composition,"Male head, no spouse"," 3,133 "," 2,432 ",77.6, 701 ,22.4, 314 ,10.0, NA ,NA,,
2015,Household composition,Other household with child, 496 , 366 ,73.8, 130 ,26.2, 57 ,11.5, NA ,NA,,
2015,Race/ethnicity of households,White non-Hispanic," 22,237 "," 19,315 ",86.9," 2,922 ",13.1," 1,316 ",5.9, 101 ,0.5,,
2015,Race/ethnicity of households,Black non-Hispanic," 5,223 "," 3,932 ",75.3," 1,291 ",24.7, 559 ,10.7, 61 ,1.2,,
2015,Race/ethnicity of households,Hispanic," 8,299 "," 6,482 ",78.1," 1,817 ",21.9, 954 ,11.5, 99 ,1.2,,
2015,Race/ethnicity of households,Other," 3,218 "," 2,790 ",86.7, 428 ,13.3, 194 ,6.0, NA ,NA,,
2015,Household income-to-poverty ratio,Under 1.00," 5,889 "," 3,364 ",57.1," 2,525 ",42.9," 1,229 ",20.9, 126 ,2.1,,
2015,Household income-to-poverty ratio,Under 1.30," 7,827 "," 4,608 ",58.9," 3,219 ",41.1," 1,533 ",19.6, 148 ,1.9,,
2015,Household income-to-poverty ratio,Under 1.85," 11,510 "," 7,277 ",63.2," 4,233 ",36.8," 2,020 ",17.5, 185 ,1.6,,
2015,Household income-to-poverty ratio,1.85 and over," 19,232 "," 17,974 ",93.5," 1,258 ",6.5, 630 ,3.3, NA ,NA,,
2015,Household income-to-poverty ratio,Income unknown," 8,235 "," 7,267 ",88.2, 968 ,11.8, 373 ,4.5, 56 ,0.7,,
2015,Inside metropolitan area,," 33,440 "," 28,119 ",84.1," 5,321 ",15.9," 2,507 ",7.5, 240 ,0.7,,
2015,Inside metropolitan area,In principal cities," 10,875 "," 8,845 ",81.3," 2,030 ",18.7, 935 ,8.6, 97 ,0.9,,
2015,Inside metropolitan area,Not in principal cities," 17,662 "," 15,276 ",86.5," 2,386 ",13.5," 1,166 ",6.6, 119 ,0.7,,
2015,Outside metropolitan area,," 5,538 "," 4,401 ",79.5," 1,137 ",20.5, 516 ,9.3, 34 ,0.6,,
2015,Census geographic region,Northeast," 6,409 "," 5,405 ",84.3," 1,004 ",15.7, 495 ,7.7, 44 ,0.7,,
2015,Census geographic region,Midwest," 8,158 "," 6,812 ",83.5," 1,346 ",16.5, 614 ,7.5, 57 ,0.7,,
2015,Census geographic region,South," 14,907 "," 12,406 ",83.2," 2,501 ",16.8," 1,153 ",7.7, 84 ,0.6,,
2015,Census geographic region,West," 9,503 "," 7,896 ",83.1," 1,607 ",16.9, 760 ,8.0, 89 ,0.9,,
2016,All households with children,," 38,400 "," 32,058 ",83.5," 6,342 ",16.5," 3,069 ",8.0, 298 ,0.8,,
2016,Household composition,With children < 6 years," 16,571 "," 13,820 ",83.4," 2,751 ",16.6," 1,318 ",8.0, 121 ,0.7,,
2016,Household composition,Married-couple families," 25,031 "," 22,560 ",90.1," 2,471 ",9.9," 1,182 ",4.7, 95 ,0.4,,
2016,Household composition,"Female head, no spouse"," 9,780 "," 6,693 ",68.4," 3,087 ",31.6," 1,560 ",16.0, 168 ,1.7,,
2016,Household composition,"Male head, no spouse"," 3,070 "," 2,402 ",78.2, 668 ,21.8, 283 ,9.2, NA ,NA,,
2016,Household composition,Other household with child, 519 , 404 ,77.8, 115 ,22.2, 45 ,8.7, NA ,NA,,
2016,Race/ethnicity of households,White non-Hispanic," 21,574 "," 18,838 ",87.3," 2,736 ",12.7," 1,198 ",5.6, 84 ,0.4,,
2016,Race/ethnicity of households,Black non-Hispanic," 4,995 "," 3,695 ",74.0," 1,300 ",26.0, 668 ,13.4, 111 ,2.2,,
2016,Race/ethnicity of households,Hispanic," 8,319 "," 6,493 ",78.1," 1,826 ",21.9, 969 ,11.6, 87 ,1.0,,
2016,Race/ethnicity of households,Other," 3,512 "," 3,032 ",86.3, 480 ,13.7, 234 ,6.7, NA ,NA,,
2016,Household income-to-poverty ratio,Under 1.00," 5,533 "," 3,110 ",56.2," 2,423 ",43.8," 1,310 ",23.7, 172 ,3.1,,
2016,Household income-to-poverty ratio,Under 1.30," 7,467 "," 4,426 ",59.3," 3,041 ",40.7," 1,629 ",21.8, 194 ,2.6,,so 
2016,Household income-to-poverty ratio,Under 1.85," 11,657 "," 7,538 ",64.7," 4,119 ",35.3," 2,120 ",18.2, 232 ,2.0,,
2016,Household income-to-poverty ratio,1.85 and over," 19,477 "," 18,257 ",93.7," 1,220 ",6.3, 485 ,2.5, NA ,NA,,
2016,Household income-to-poverty ratio,Income unknown," 7,265 "," 6,263 ",86.2," 1,002 ",13.8, 465 ,6.4, NA ,NA,,
2016,Inside metropolitan area,," 33,390 "," 28,071 ",84.1," 5,319 ",15.9," 2,542 ",7.6, 266 ,0.8,,
2016,Inside metropolitan area,In principal cities," 10,855 "," 8,749 ",80.6," 2,106 ",19.4," 1,016 ",9.4, 156 ,1.4,,
2016,Inside metropolitan area,Not in principal cities," 17,672 "," 15,350 ",86.9," 2,322 ",13.1," 1,151 ",6.5, 71 ,0.4,,
2016,Outside metropolitan area,," 5,009 "," 3,986 ",79.6," 1,023 ",20.4, 527 ,10.5, 32 ,0.6,,
2016,Census geographic region,Northeast," 6,370 "," 5,388 ",84.6, 982 ,15.4, 431 ,6.8, 51 ,0.8,,
2016,Census geographic region,Midwest," 7,888 "," 6,651 ",84.3," 1,237 ",15.7, 628 ,8.0, 47 ,0.6,,
2016,Census geographic region,South," 14,687 "," 12,135 ",82.6," 2,552 ",17.4," 1,238 ",8.4, 132 ,0.9,,
2016,Census geographic region,West," 9,454 "," 7,884 ",83.4," 1,570 ",16.6, 772 ,8.2, 68 ,0.7,,
2017,All households with children,," 37,942 "," 31,975 ",84.3," 5,967 ",15.7," 2,926 ",7.7, 250 ,0.7,,
2017,Household composition,With children < 6 years," 16,200 "," 13,551 ",83.6," 2,649 ",16.4," 1,273 ",7.9, 82 ,0.5,,
2017,Household composition,Married-couple families," 24,744 "," 22,383 ",90.5," 2,361 ",9.5," 1,062 ",4.3, 63 ,0.3,,
2017,Household composition,"Female head, no spouse"," 9,561 "," 6,662 ",69.7," 2,899 ",30.3," 1,542 ",16.1, 164 ,1.7,,
2017,Household composition,"Male head, no spouse"," 3,057 "," 2,455 ",80.3, 602 ,19.7, 263 ,8.6, NA ,NA,,
2017,Household composition,Other household with child, 581 , 476 ,81.9, 105 ,18.1, 59 ,10.2, NA ,NA,,
2017,Race/ethnicity of households,White non-Hispanic," 21,451 "," 18,891 ",88.1," 2,560 ",11.9," 1,206 ",5.6, 101 ,0.5,,
2017,Race/ethnicity of households,Black non-Hispanic," 5,065 "," 3,745 ",73.9," 1,320 ",26.1, 661 ,13.1, 59 ,1.2,,
2017,Race/ethnicity of households,Hispanic," 8,101 "," 6,395 ",78.9," 1,706 ",21.1, 866 ,10.7, 81 ,1.0,,
2017,Race/ethnicity of households,Other," 3,325 "," 2,943 ",88.5, 382 ,11.5, 194 ,5.8, NA ,NA,,
2017,Household income-to-poverty ratio,Under 1.00," 4,940 "," 2,795 ",56.6," 2,145 ",43.4," 1,134 ",23.0, 134 ,2.7,,
2017,Household income-to-poverty ratio,Under 1.30," 6,779 "," 4,096 ",60.4," 2,683 ",39.6," 1,415 ",20.9, 157 ,2.3,,
2017,Household income-to-poverty ratio,Under 1.85," 10,744 "," 7,017 ",65.3," 3,727 ",34.7," 1,927 ",17.9, 205 ,1.9,,
2017,Household income-to-poverty ratio,1.85 and over," 19,646 "," 18,351 ",93.4," 1,295 ",6.6, 541 ,2.8, NA ,NA,,
2017,Household income-to-poverty ratio,Income unknown," 7,553 "," 6,607 ",87.5, 946 ,12.5, 459 ,6.1, NA ,NA,,
2017,Inside metropolitan area,," 32,902 "," 27,888 ",84.8," 5,014 ",15.2," 2,458 ",7.5, 210 ,0.6,,
2017,Inside metropolitan area,In principal cities," 10,401 "," 8,432 ",81.1," 1,969 ",18.9," 1,006 ",9.7, 96 ,0.9,,
2017,Inside metropolitan area,Not in principal cities," 17,770 "," 15,650 ",88.1," 2,120 ",11.9," 1,040 ",5.9, 75 ,0.4,,
2017,Outside metropolitan area,," 5,041 "," 4,088 ",81.1, 953 ,18.9, 468 ,9.3, 40 ,0.8,,
2017,Census geographic region,Northeast," 6,291 "," 5,402 ",85.9, 889 ,14.1, 415 ,6.6, NA ,NA,,
2017,Census geographic region,Midwest," 7,917 "," 6,699 ",84.6," 1,218 ",15.4, 607 ,7.7, 70 ,0.9,,
2017,Census geographic region,South," 14,427 "," 11,848 ",82.1," 2,579 ",17.9," 1,210 ",8.4, 102 ,0.7,,
2017,Census geographic region,West," 9,308 "," 8,027 ",86.2," 1,281 ",13.8, 694 ,7.5, 44 ,0.5,,
2018,All households with children,," 37,612 "," 32,369 ",86.1," 5,243 ",13.9," 2,658 ",7.1, 220 ,0.6,,
2018,Household composition,With children < 6 years," 16,306 "," 13,967 ",85.7," 2,339 ",14.3," 1,091 ",6.7, 63 ,0.4,,
2018,Household composition,Married-couple families," 24,598 "," 22,559 ",91.7," 2,039 ",8.3, 873 ,3.5, 46 ,0.2,,
2018,Household composition,"Female head, no spouse"," 9,349 "," 6,752 ",72.2," 2,597 ",27.8," 1,483 ",15.9, 162 ,1.7,,
2018,Household composition,"Male head, no spouse"," 3,238 "," 2,721 ",84.0, 517 ,16.0, 269 ,8.3, NA  ,NA ,,
2018,Household composition,Other household with child, 427 , 337 ,78.9, 90 ,21.1, NA  ,NA , NA  ,NA ,,
2018,Race/ethnicity of households,White non-Hispanic," 21,059 "," 18,863 ",89.6," 2,196 ",10.4," 1,067 ",5.1, 60 ,0.3,,
2018,Race/ethnicity of households,Black non-Hispanic," 5,136 "," 3,840 ",74.8," 1,296 ",25.2, 759 ,14.8, 72 ,1.4,,
2018,Race/ethnicity of households,Hispanic," 8,108 "," 6,745 ",83.2," 1,363 ",16.8, 673 ,8.3, 77 ,0.9,,
2018,Race/ethnicity of households,Other," 3,310 "," 2,922 ",88.3, 388 ,11.7, 159 ,4.8, NA  ,NA ,,
2018,Household income-to-poverty ratio,Under 1.00," 4,426 "," 2,729 ",61.7," 1,697 ",38.3, 969 ,21.9, 94 ,2.1,,
2018,Household income-to-poverty ratio,Under 1.30," 6,911 "," 4,534 ",65.6," 2,377 ",34.4," 1,331 ",19.3, 132 ,1.9,,
2018,Household income-to-poverty ratio,Under 1.85," 9,940 "," 6,831 ",68.7," 3,109 ",31.3," 1,637 ",16.5, 143 ,1.4,,
2018,Household income-to-poverty ratio,1.85 and over," 19,820 "," 18,531 ",93.5," 1,289 ",6.5, 571 ,2.9, 52 ,0.3,,
2018,Household income-to-poverty ratio,Income unknown," 7,852 "," 7,006 ",89.2, 846 ,10.8, 449 ,5.7, NA  ,NA ,,
2018,Inside metropolitan area,," 32,534 "," 28,131 ",86.5," 4,403 ",13.5," 2,253 ",6.9, 205 ,0.6,,
2018,Inside metropolitan area,In principal cities," 10,281 "," 8,543 ",83.1," 1,738 ",16.9, 938 ,9.1, 113 ,1.1,,
2018,Inside metropolitan area,Not in principal cities," 17,562 "," 15,642 ",89.1," 1,920 ",10.9, 950 ,5.4, 73 ,0.4,,
2018,Outside metropolitan area,," 5,079 "," 4,239 ",83.5, 840 ,16.5, 405 ,8.0, NA  ,NA ,,
2018,Census geographic region,Northeast," 6,057 "," 5,264 ",86.9, 793 ,13.1, 423 ,7.0, NA  ,NA ,,
2018,Census geographic region,Midwest," 7,901 "," 6,751 ",85.4," 1,150 ",14.6, 554 ,7.0, 52 ,0.7,,
2018,Census geographic region,South," 14,561 "," 12,361 ",84.9," 2,200 ",15.1," 1,121 ",7.7, 67 ,0.5,,
2018,Census geographic region,West," 9,093 "," 7,994 ",87.9," 1,099 ",12.1, 560 ,6.2, 68 ,0.7,,
2019,All households with children,," 37,614 "," 32,480 ",86.4," 5,134 ",13.6," 2,434 ",6.5, 213 ,0.6,,
2019,Household composition,With children < 6 years," 16,115 "," 13,784 ",85.5," 2,331 ",14.5, 993 ,6.2, 79 ,0.5,,
2019,Household composition,Married-couple families," 24,382 "," 22,542 ",92.5," 1,840 ",7.5, 781 ,3.2, 49 ,0.2,,
2019,Household composition,"Female head, no spouse"," 9,349 "," 6,663 ",71.3," 2,686 ",28.7," 1,431 ",15.3, 148 ,1.6,,
2019,Household composition,"Male head, no spouse"," 3,311 "," 2,802 ",84.6, 509 ,15.4, 216 ,6.5, NA ,NA,,
2019,Household composition,Other household with child, 572 , 472 ,82.5, 100 ,17.5, NA ,NA, NA ,NA,,
2019,Race/ethnicity of households,White non-Hispanic," 21,161 "," 18,900 ",89.3," 2,261 ",10.7," 1,054 ",5.0, 58 ,0.3,,
2019,Race/ethnicity of households,Black non-Hispanic," 5,241 "," 4,035 ",77.0," 1,206 ",23.0, 623 ,11.9, 87 ,1.7,,
2019,Race/ethnicity of households,Hispanic," 7,750 "," 6,431 ",83.0," 1,319 ",17.0, 601 ,7.8, NA ,NA,,
2019,Race/ethnicity of households,Other," 3,463 "," 3,115 ",90.0, 348 ,10.0, 157 ,4.5, NA ,NA,,
2019,Household income-to-poverty ratio,Under 1.00," 4,212 "," 2,650 ",62.9," 1,562 ",37.1, 819 ,19.4, 62 ,1.5,,
2019,Household income-to-poverty ratio,Under 1.30," 6,451 "," 4,192 ",65.0," 2,259 ",35.0," 1,192 ",18.5, 90 ,1.4,,
2019,Household income-to-poverty ratio,Under 1.85," 10,179 "," 7,078 ",69.5," 3,101 ",30.5," 1,606 ",15.8, 149 ,1.5,,
2019,Household income-to-poverty ratio,1.85 and over," 19,645 "," 18,526 ",94.3," 1,119 ",5.7, 433 ,2.2, NA ,NA,,
2019,Household income-to-poverty ratio,Income unknown," 7,791 "," 6,877 ",88.3, 914 ,11.7, 396 ,5.1, NA ,NA,,
2019,Inside metropolitan area,," 32,764 "," 28,407 ",86.7," 4,357 ",13.3," 2,058 ",6.3, 181 ,0.6,,
2019,Inside metropolitan area,In principal cities," 10,439 "," 8,743 ",83.8," 1,696 ",16.2, 828 ,7.9, 91 ,0.9,,
2019,Inside metropolitan area,Not in principal cities," 17,296 "," 15,469 ",89.4," 1,827 ",10.6, 829 ,4.8, NA ,NA,,
2019,Outside metropolitan area,," 4,851 "," 4,073 ",84.0, 778 ,16.0, 376 ,7.8, 32 ,0.7,,
2019,Census geographic region,Northeast," 6,233 "," 5,384 ",86.4, 849 ,13.6, 414 ,6.6, NA ,NA,,
2019,Census geographic region,Midwest," 7,867 "," 6,722 ",85.4," 1,145 ",14.6, 527 ,6.7, NA ,NA,,
2019,Census geographic region,South," 14,888 "," 12,860 ",86.4," 2,028 ",13.6, 927 ,6.2, 81 ,0.5,,
2019,Census geographic region,West," 8,626 "," 7,514 ",87.1," 1,112 ",12.9, 565 ,6.5, 35 ,0.4,,
2020,All households with children,," 37,903 "," 32,280 ",85.2," 5,623 ",14.8," 2,870 ",7.6, 322 ,0.8,,
2020,Household composition,With children < 6 years," 16,119 "," 13,655 ",84.7," 2,464 ",15.3," 1,128 ",7.0, 119 ,0.7,,
2020,Household composition,Married-couple families," 24,420 "," 22,091 ",90.5," 2,329 ",9.5," 1,115 ",4.6, 112 ,0.5,,
2020,Household composition,"Female head, no spouse"," 9,774 "," 7,070 ",72.3," 2,704 ",27.7," 1,447 ",14.8, 164 ,1.7,,
2020,Household composition,"Male head, no spouse"," 3,296 "," 2,758 ",83.7, 538 ,16.3, 277 ,8.4, NA ,NA,,
2020,Household composition,Other household with child, 413 , 362 ,87.7, 51 ,12.3, NA ,NA, NA ,NA,,
2020,Race/ethnicity of households,White non-Hispanic," 20,904 "," 18,886 ",90.3," 2,018 ",9.7, 966 ,4.6, 78 ,0.4,,
2020,Race/ethnicity of households,Black non-Hispanic," 5,418 "," 3,941 ",72.7," 1,477 ",27.3, 704 ,13.0, 90 ,1.7,,
2020,Race/ethnicity of households,Hispanic," 8,143 "," 6,366 ",78.2," 1,777 ",21.8, 991 ,12.2, 143 ,1.8,,
2020,Race/ethnicity of households,Other," 3,437 "," 3,085 ",89.8, 352 ,10.2, 210 ,6.1, NA ,NA,,
2020,Household income-to-poverty ratio,Under 1.00," 4,300 "," 2,560 ",59.5," 1,740 ",40.5, 918 ,21.3, 94 ,2.2,,
2020,Household income-to-poverty ratio,Under 1.30," 6,465 "," 4,032 ",62.4," 2,433 ",37.6," 1,256 ",19.4, 128 ,2.0,,
2020,Household income-to-poverty ratio,Under 1.85," 10,080 "," 6,686 ",66.3," 3,394 ",33.7," 1,731 ",17.2, 174 ,1.7,,
2020,Household income-to-poverty ratio,1.85 and over," 19,432 "," 18,325 ",94.3," 1,107 ",5.7, 455 ,2.3, NA ,NA,,
2020,Household income-to-poverty ratio,Income unknown," 8,391 "," 7,270 ",86.6," 1,121 ",13.4, 684 ,8.2, 114 ,1.4,,
2020,Inside metropolitan area,," 32,790 "," 27,991 ",85.4," 4,799 ",14.6," 2,458 ",7.5, 290 ,0.9,,
2020,Inside metropolitan area,In principal cities," 10,563 "," 8,620 ",81.6," 1,943 ",18.4," 1,033 ",9.8, 145 ,1.4,,
2020,Inside metropolitan area,Not in principal cities," 17,520 "," 15,347 ",87.6," 2,173 ",12.4," 1,100 ",6.3, 100 ,0.6,,
2020,Outside metropolitan area,," 5,113 "," 4,289 ",83.9, 824 ,16.1, 412 ,8.1, 32 ,0.6,,
2020,Census geographic region,Northeast," 6,145 "," 5,314 ",86.5, 831 ,13.5, 415 ,6.8, NA ,NA,,
2020,Census geographic region,Midwest," 7,794 "," 6,719 ",86.2," 1,075 ",13.8, 600 ,7.7, 119 ,1.5,,
2020,Census geographic region,South," 15,228 "," 12,707 ",83.4," 2,521 ",16.6," 1,196 ",7.9, 126 ,0.8,,
2020,Census geographic region,West," 8,736 "," 7,540 ",86.3," 1,196 ",13.7, 659 ,7.5, 41 ,0.5,,
2021,All households with children,," 36,765 "," 32,170 ",87.5," 4,595 ",12.5," 2,290 ",6.2, 274 ,0.7,,
2021,Household composition,With children < 6 years," 15,406 "," 13,418 ",87.1," 1,988 ",12.9, 997 ,6.5, 77 ,0.5,,
2021,Household composition,Married-couple families," 23,849 "," 22,088 ",92.6," 1,761 ",7.4, 909 ,3.8, 92 ,0.4,,
2021,Household composition,"Female head, no spouse"," 9,197 "," 6,965 ",75.7," 2,232 ",24.3," 1,114 ",12.1, 162 ,1.8,,
2021,Household composition,"Male head, no spouse"," 3,194 "," 2,678 ",83.8, 516 ,16.2, 239 ,7.5, NA ,NA,,
2021,Household composition,Other household with child, 524 , 438 ,83.6, 86 ,16.4, NA ,NA, NA ,NA,,
2021,Race/ethnicity of households,White non-Hispanic," 20,215 "," 18,619 ",92.1," 1,596 ",7.9, 689 ,3.4, 47 ,0.2,,
2021,Race/ethnicity of households,Black non-Hispanic," 5,047 "," 3,903 ",77.3," 1,144 ",22.7, 606 ,12.0, 107 ,2.1,,
2021,Race/ethnicity of households,Hispanic," 8,235 "," 6,755 ",82.0," 1,480 ",18.0, 797 ,9.7, 92 ,1.1,,
2021,Race/ethnicity of households,Other," 3,268 "," 2,893 ",88.5, 375 ,11.5, 199 ,6.1, NA ,NA,,
2021,Household income-to-poverty ratio,Under 1.00," 4,017 "," 2,694 ",67.1," 1,323 ",32.9, 679 ,16.9, 137 ,3.4,,
2021,Household income-to-poverty ratio,Under 1.30," 6,082 "," 4,092 ",67.3," 1,990 ",32.7," 1,020 ",16.8, 162 ,2.7,,
2021,Household income-to-poverty ratio,Under 1.85," 9,111 "," 6,472 ",71.0," 2,639 ",29.0," 1,321 ",14.5, 176 ,1.9,,
2021,Household income-to-poverty ratio,1.85 and over," 19,522 "," 18,509 ",94.8," 1,013 ",5.2, 438 ,2.2, 60 ,0.3,,
2021,Household income-to-poverty ratio,Income unknown," 8,131 "," 7,189 ",88.4, 942 ,11.6, 532 ,6.5, NA ,NA,,
2021,Inside metropolitan area,," 31,887 "," 27,959 ",87.7," 3,928 ",12.3," 1,976 ",6.2, 232 ,0.7,,
2021,Inside metropolitan area,In principal cities," 9,773 "," 8,325 ",85.2," 1,448 ",14.8, 749 ,7.7, 116 ,1.2,,
2021,Inside metropolitan area,Not in principal cities," 17,638 "," 15,776 ",89.4," 1,862 ",10.6, 938 ,5.3, 97 ,0.5,,
2021,Outside metropolitan area,," 4,878 "," 4,211 ",86.3, 667 ,13.7, 314 ,6.4, 41 ,0.8,,
2021,Census geographic region,Northeast," 5,882 "," 5,276 ",89.7, 606 ,10.3, 256 ,4.4, NA ,NA,,
2021,Census geographic region,Midwest," 7,528 "," 6,584 ",87.5, 944 ,12.5, 472 ,6.3, NA ,NA,,
2021,Census geographic region,South," 14,673 "," 12,708 ",86.6," 1,965 ",13.4, 935 ,6.4, 124 ,0.8,,
2021,Census geographic region,West," 8,682 "," 7,602 ",87.6," 1,080 ",12.4, 627 ,7.2, 77 ,0.9,,
2022,All households with children,,"37,235","30,798",82.7,"6,437",17.3,"3,265",8.8,381,1,,
2022,Household composition,With children < 6 years,"15,551","12,948",83.3,"2,603",16.7,"1,336",8.6,143,0.9,,
2022,Household composition,Married-couple families,"24,152","21,572",89.3,"2,580",10.7,"1,206",5,99,0.4,,
2022,Household composition,"Female head, no spouse","9,207","6,159",66.9,"3,048",33.1,"1,674",18.2,222,2.4,,
2022,Household composition,"Male head, no spouse","3,437","2,708",78.8,729,21.2,365,10.6,56,1.6,,
2022,Household composition,Other household with child,439,358,81.5,81,18.5, NA ,NA,NA,NA,,
2022,Race/ethnicity of households,White non-Hispanic,"20,247","17,757",87.7,"2,490",12.3,"1,114",5.5,127,0.6,,
2022,Race/ethnicity of households,Black non-Hispanic,"5,260","3,791",72.1,"1,469",27.9,833,15.8,70,1.3,,
2022,Race/ethnicity of households,Hispanic,"8,347","6,286",75.3,"2,061",24.7,"1,101",13.2,168,2,,
2022,Race/ethnicity of households,Other,"3,382","2,964",87.6,418,12.4,219,6.5,NA,NA,,
2022,Household income-to-poverty ratio,Under 1.00,"4,561","2,631",57.7,"1,930",42.3,"1,102",24.2,144,3.2,,
2022,Household income-to-poverty ratio,Under 1.30,"6,691","3,928",58.7,"2,763",41.3,"1,551",23.2,206,3.1,,
2022,Household income-to-poverty ratio,Under 1.85,"9,410","5,840",62.1,"3,570",37.9,"1,970",20.9,276,2.9,,
2022,Household income-to-poverty ratio,1.85 and over,"21,378","19,480",91.1,"1,898",8.9,856,4,78,0.4,,
2022,Household income-to-poverty ratio,Income unknown,"6,448","5,479",85,969,15,439,6.8,NA,NA,,
2022,Inside metropolitan area,,"32,315","26,845",83.1,"5,470",16.9,"2,819",8.7,346,1.1,,
2022,Inside metropolitan area,In principal cities,"9,877","7,755",78.5,"2,122",21.5,"1,089",11,166,1.7,,
2022,Inside metropolitan area,Not in principal cities,"17,900","15,328",85.6,"2,572",14.4,"1,323",7.4,140,0.8,,
2022,Outside metropolitan area,,"4,920","3,952",80.3,968,19.7,446,9.1,35,0.7,,
2022,Census geographic region,Northeast,"5,864","4,981",84.9,883,15.1,400,6.8,NA,NA,,
2022,Census geographic region,Midwest,"7,883","6,544",83,"1,339",17,686,8.7,87,1.1,,
2022,Census geographic region,South,"14,659","11,786",80.4,"2,873",19.6,"1,522",10.4,163,1.1,,
2022,Census geographic region,West,"8,830","7,488",84.8,"1,342",15.2,657,7.4,96,1.1,,
